creek,position,yDistance,xDistance,Species,Elevation,PH,Cond,WC,Height_mean,Height_sd,Diameter_mean,Diameter_sd,Mature_rate,Density_1,Density_2,Den1,Den2,Coverage,Mature,Biomass,Pwc
a,Pointbar,0,0,ST,2.763,8.03,0.52,0.266003539,53.3,0.836660027,2.47,0.671751442,0.6,34,0,544,0,0.3,8,3.83,0.674042553
a,Pointbar,0,5,ST,2.798,7.99,0.49,0.267351722,70.5,6.837397166,2.73,0.320390387,0.8,103,0,1648,0,0.3,29,16.89,0.770858771
a,Pointbar,0,10,ST,2.787,7.93,0.35,0.257607866,74.7,6.280923499,2.92,0.60807072,1,51,0,816,0,0.4,22,13.1,0.772529953
a,Pointbar,0,15,ST,2.808,8.29,0.42,0.265363511,45.6,7.436396977,2.242,0.206688171,0,52,0,832,0,0.3,0,3.51,0.803251121
a,Pointbar,0,20,ST,2.81,7.97,0.46,0.254936743,77,3.082207001,2.802,0.407578213,1,71,0,1136,0,0.4,22,13.24,0.788599713
a,Pointbar,0,25,ST,2.817,7.97,0.3,0.238630986,45.1,7.829431652,1.808,0.170938585,0.8,52,0,832,0,0.25,25,4.34,0.76284153
a,Pointbar,0,30,ST,2.818,8.02,0.34,0.258663316,43.6,2.880972058,1.678,0.127357764,0.8,64,0,1024,0,0.3,25,3.58,0.782105904
a,Pointbar,50,0,ST,3.017,8.25,0.36,0.273283272,81.1,8.466108906,3.492,0.48504639,1,69,26,1104,650,0.25,43,20.19,0.790863891
a,Pointbar,50,5,ST,3.075,8.15,0.32,0.264982117,49.3,2.928310093,1.874,0.233944438,1,79,74,1264,1850,0.25,41,7.7,0.739512855
a,Pointbar,50,10,ST,2.841,8.11,0.34,0.261543275,56.3,1.89076704,2.902,0.224543982,1,77,45,1232,1125,0.2,44,12,0.715302491
a,Pointbar,50,15,ST,3.128,8.13,0.28,0.249884548,43.5,7.424621202,2.14,0.372155881,1,68,63,1088,1575,0.15,25,6.08,0.722120658
a,Pointbar,50,20,ST,3.132,8.19,0.38,0.244853329,35.8,5.761944116,1.868,0.207653558,1,71,62,1136,1550,0.15,22,5.05,0.725990233
a,Pointbar,50,25,ST,3.145,8.15,0.36,0.248219928,37.6,2.859195691,2.164,0.259769128,1,62,53,992,1325,0.3,27,5.58,0.714431934
a,Pointbar,50,30,ST,3.148,8.09,0.37,0.242183478,41.7,5.751086854,2.084,0.553018987,0.8,70,63,1120,1575,0.5,35,6.75,0.71650567
a,Pointbar,100,0,ST,3.081,8.38,0.36,0.274917791,72.5,4.636809248,2.774,0.177002825,1,54,61,864,1525,0.4,17,11.7,0.803030303
a,Pointbar,100,5,ST,3.28,8.34,0.28,0.265304396,68.5,7.73789377,2.524,0.435637464,1,141,50,2256,1250,0.8,80,30.3,0.761979576
a,Pointbar,100,10,ST,3.336,8.43,0.27,0.248019162,55.3,7.854934755,3.02,0.526450378,1,72,69,1152,1725,0.5,19,9.3,0.741666667
a,Pointbar,100,15,ST,3.354,8.42,0.3,0.236165251,65.4,2.607680962,2.428,0.339661596,1,127,50,2032,1250,0.6,70,22.1,0.744212963
a,Pointbar,100,20,ST,3.38,8.4,0.22,0.242668203,74.5,8.291561976,3.118,0.358984679,1,128,47,2048,1175,0.6,82,30.2,0.75936255
a,Pointbar,100,25,ST,3.384,8.38,0.33,0.24625125,66.7,4.132190702,2.398,0.258978764,1,101,32,1616,800,0.5,67,19.4,0.736413043
a,Pointbar,100,30,ST,3.39,8.36,0.22,0.245153353,53.7,3.438749773,1.944,0.501976095,0.6,118,42,1888,1050,0.6,40,11.5,0.75
a,Pointbar,150,0,ST,3.286,8.35,0.27,0.249390898,62.3,2.706473721,2.916,0.225122189,0.4,64,11,1024,275,0.4,18,15.1,0.76552795
a,Pointbar,150,5,ST,3.483,8.37,0.29,0.254299354,76.7,15.58685343,3.794,0.856609596,1,50,8,800,200,0.2,15,12.4,0.777777778
a,Pointbar,150,10,ST,3.493,8.46,0.31,0.250498008,51.6,13.7540903,2.4,0.338156768,0.8,71,0,1136,0,0.3,19,8.2,0.763688761
a,Pointbar,150,15,ST,3.48,8.44,0.26,0.254865976,37,8.852965605,2.06,0.295972972,0,9,0,144,0,0.3,0,0.87,0.736363636
a,Pointbar,150,20,ST,3.487,8.44,0.21,0.263250418,,,,,,0,0,0,0,0,0,0,
a,Pointbar,150,25,ST,3.444,8.43,0.19,0.251782667,,,,,,0,0,0,0,0.3,0,0,
a,Pointbar,150,30,ST,3.404,8.29,0.28,0.260308693,,,,,,0,0,0,0,0.4,0,0,
a,Pointbar,200,0,ST,3.497,8.31,0.35,0.23062251,38.6,5.029910536,2.522,0.639194806,0.2,25,0,400,0,0.5,0,3.92,0.763141994
a,Pointbar,200,5,ST,3.576,8.31,0.36,0.227634075,,,,,,0,0,0,0,0.6,0,0,
a,Pointbar,200,10,ST,3.587,8.35,0.32,0.24675825,,,,,,0,0,0,0,0.5,0,0,
a,Pointbar,200,15,ST,3.444,8.16,0.31,0.252118511,,,,,,0,0,0,0,0.7,0,0,
a,Pointbar,200,20,ST,3.609,8.34,0.34,0.251107619,,,,,,0,0,0,0,0.6,0,0,
a,Pointbar,200,25,ST,3.614,8.09,0.36,0.251027748,,,,,,0,0,0,0,0.75,0,0,
a,Pointbar,200,30,ST,3.611,8.14,0.38,0.260158236,,,,,,0,0,0,0,0.6,0,0,
a,Cutbank,0,0,ST,2.427,8.27,0.19,0.234553191,,,,,,0,0,0,0,0.05,0,0,
a,Cutbank,0,5,ST,2.475,8.24,0.19,0.259133557,,,,,,0,6,0,150,0.1,0,0,
a,Cutbank,0,10,ST,2.533,8.34,0.16,0.242734483,51.8,4.982469267,2.272,0.310032256,0.8,51,0,816,0,0.1,16,3.2,0.833333333
a,Cutbank,0,15,ST,2.574,8.29,0.17,0.256383861,86.1,3.943348831,3.19,0.494469413,1,145,83,2320,2075,0.8,40,26,0.838709677
a,Cutbank,0,20,ST,2.6,8.31,0.16,0.263334342,72.6,3.049590136,2.266,0.347893662,0.8,81,5,1296,125,0.6,24,8.9,0.84760274
a,Cutbank,0,25,ST,2.589,8.27,0.2,0.260579222,68,NA,3.14,NA,0,1,28,16,700,0.3,0,0,
a,Cutbank,0,30,ST,2.596,8.28,0.21,0.25166883,,,,,,0,0,0,0,0.15,0,0,
a,Cutbank,50,0,ST,2.752,8.09,0.18,0.247869876,23,13.14343943,1.45,0.108166538,0,3,0,48,0,0.6,0,0.05,0.88372093
a,Cutbank,50,5,ST,2.76,8.17,0.18,0.26971771,,,,,,0,0,0,0,0.4,0,0,
a,Cutbank,50,10,ST,2.768,8.13,0.25,0.239478481,40.6,5.67230112,1.674,0.220295256,0.6,15,30,240,750,0.5,4,0.75,0.779411765
a,Cutbank,50,15,ST,2.771,8.2,0.18,0.249996733,,,,,,0,36,0,900,0.4,0,0,
a,Cutbank,50,20,ST,2.779,8.16,0.18,0.240901653,,,,,,0,43,0,1075,0.5,0,0,
a,Cutbank,50,25,ST,2.787,8.23,0.22,0.256642821,,,,,,0,0,0,0,0.3,0,0,
a,Cutbank,50,30,ST,2.784,8.11,0.2,0.247370236,,,,,,0,0,0,0,0.3,0,0,
a,Cutbank,100,0,ST,2.999,8.16,0.2,0.234951946,30.1,0.961769203,1.56,0.161400124,0.6,25,4,400,100,0.1,11,1.19,0.672176309
a,Cutbank,100,5,ST,3.047,8.09,0.2,0.234738352,34.8,0.570087713,1.722,0.228735655,0.4,43,11,688,275,0.2,20,2.78,0.722277722
a,Cutbank,100,10,ST,3.019,8.13,0.21,0.22955454,27.1,1.24498996,1.472,0.168730554,0.6,38,14,608,350,0.15,4,2.05,0.6989721
a,Cutbank,100,15,ST,2.995,8.16,0.22,0.222785213,35,1.968501969,1.764,0.170381924,0.4,23,9,368,225,0.075,7,1.48,0.604278075
a,Cutbank,100,20,ST,3.017,8.06,0.22,0.234177163,27.9,3.361547263,1.54,0.158271918,1,33,2,528,50,0.1,8,1.71,0.707191781
a,Cutbank,100,25,ST,3.036,8.19,0.24,0.227023702,24.4,1.981161276,1.338,0.107563934,0,13,0,208,0,0.05,3,0.53,0.765486726
a,Cutbank,100,30,ST,3.048,8.09,0.28,0.230617613,29.7,5.118593557,1.416,0.120747671,0.8,17,0,272,0,0.1,5,0.8,0.67611336
a,Cutbank,150,0,ST,3.177,8.19,0.3,0.245043083,44.5,5.03736042,2.114,0.205012195,0.8,57,0,912,0,0.3,25,5.74,0.738853503
a,Cutbank,150,5,ST,3.198,8.23,0.37,0.235346692,34.5,2.371708245,1.658,0.216494804,0.4,55,0,880,0,0.3,5,3.49,0.766398929
a,Cutbank,150,10,ST,3.215,8.27,0.36,0.232007125,39.6,3.78153408,2.01,0.467172345,0.6,39,0,624,0,0.25,11,3.84,0.7
a,Cutbank,150,15,ST,3.223,8.34,0.38,0.227839375,30.3,1.753567792,1.844,0.168315181,0.4,37,0,592,0,0.6,6,3.08,0.736976943
a,Cutbank,150,20,ST,3.261,8.27,0.39,0.235901873,17.5,14.14213562,1.58,0.325269119,0,2,0,32,0,0.05,0,0.1,0.811320755
a,Cutbank,150,25,ST,3.231,8.2,0.29,0.240116115,28.7,3.734969879,1.734,0.276821242,0,16,0,256,0,0.6,0,1.16,0.763265306
a,Cutbank,150,30,ST,3.232,8.26,0.27,0.225180154,33.9,3.863288754,1.556,0.070213959,0,41,0,656,0,0.4,0,2.77,0.782745098
a,Cutbank,200,0,ST,3.358,7.94,0.43,0.226736046,,,,,,0,0,0,0,0.5,0,0,
a,Cutbank,200,5,ST,3.348,7.76,0.43,0.240787122,38.5,6.557438524,1.924,0.203420746,0.2,9,0,144,0,0.5,1,0.99,0.78
a,Cutbank,200,10,ST,3.354,8.08,0.45,0.238802972,27.2,8.548391662,1.868,0.285954542,0,5,0,80,0,0.4,0,0.5,0.6875
a,Cutbank,200,15,ST,3.314,7.79,0.5,0.241412273,29.1,15.85638673,1.884,0.117813412,0.2,10,0,160,0,0.6,1,0.91,0.675
a,Cutbank,200,20,ST,3.272,7.98,0.4,0.237004341,,,,,,0,0,0,0,0.7,0,0,
a,Cutbank,200,25,ST,3.3,7.86,0.47,0.243933836,,,,,,0,0,0,0,0.8,0,0,
a,Cutbank,200,30,ST,3.335,8.08,0.42,0.231769418,21,NA,1.76,NA,0,1,0,16,0,0.8,0,,
b,Pointbar,0,0,ST,2.794,8.51,0.31,0.591710013,39,1.695582496,1.6,0.232808935,0.6,130,33,2080,825,0.6,40,6.9,0.744444444
b,Pointbar,0,5,ST,2.827,8.39,0.15,0.247107325,41.3,1.095445115,1.884,0.263780212,1,83,5,1328,125,0.3,44,5.8,0.714285714
b,Pointbar,0,10,ST,2.845,8.46,0.28,0.28374972,47.7,5.596874128,1.992,0.316180328,1,85,53,1360,1325,0.3,41,7.4,0.726937269
b,Pointbar,0,15,ST,2.83,8.35,0.18,0.259304441,36,1.767766953,1.38,0.087464278,1,34,33,544,825,0.2,21,1.6,0.733333333
b,Pointbar,0,20,ST,2.835,8.32,0.19,0.264152306,35.1,3.305298776,1.676,0.223226343,0.8,55,50,880,1250,0.15,16,3,0.745762712
b,Pointbar,0,25,ST,2.85,8.33,0.32,0.23480221,35.7,3.17411405,1.524,0.179108905,1,47,23,752,575,0.2,23,2.5,0.757281553
b,Pointbar,0,30,ST,2.876,8.38,0.23,0.250031863,35,2,1.482,0.130268953,1,34,68,544,1700,0.1,14,1.7,0.734375
b,Pointbar,50,0,ST,3.004,7.95,0.45,0.231525034,42.9,4.129164564,1.976,0.325852727,1,67,27,1072,675,0.3,36,5.4,0.715789474
b,Pointbar,50,5,ST,3.126,8.05,0.36,0.234160666,34,3.020761493,1.478,0.136638208,0.8,87,20,1392,500,0.4,31,5.2,0.682926829
b,Pointbar,50,10,ST,3.112,7.78,0.36,0.217017889,38,4.015594601,1.38,0.214941853,1,62,4,992,100,0.4,26,3.9,0.721428571
b,Pointbar,50,15,ST,3.144,8.11,0.44,0.248290859,32.8,1.753567792,1.404,0.178549713,0.8,41,0,656,0,0.05,12,2.6,0.657894737
b,Pointbar,50,20,ST,3.152,7.82,0.44,0.231823922,28.4,3.435112807,1.268,0.162542302,0.8,38,0,608,0,0.2,10,1.6,0.724137931
b,Pointbar,50,25,ST,3.14,8.08,0.47,0.223375244,23.4,3.895510236,1.234,0.185553227,0.8,14,0,224,0,0.05,4,0.71,0.626315789
b,Pointbar,50,30,ST,3.147,8.02,0.48,0.225462875,33.7,5.911852502,1.616,0.175584737,0.6,19,3,304,75,0.1,3,1.02,0.762790698
b,Pointbar,100,0,ST,3.422,8.62,0.37,0.22959962,50.9,12.44688716,2.264,0.251057762,1,75,0,1200,0,0.5,27,8.1,0.771186441
b,Pointbar,100,5,ST,3.41,8.59,0.35,0.23448889,47,4.430011287,2.274,0.293819673,0.6,86,0,1376,0,0.5,36,6.5,0.751908397
b,Pointbar,100,10,ST,3.454,8.55,0.28,0.22730141,46.2,2.361143791,2.182,0.450577407,1,86,0,1376,0,0.4,37,6.2,0.7578125
b,Pointbar,100,15,ST,3.445,8.56,0.37,0.226977688,41.5,2.236067977,1.962,0.278244497,1,108,0,1728,0,0.5,73,9,0.766233766
b,Pointbar,100,20,ST,3.43,8.52,0.46,0.225059087,42.8,2.307596152,2.132,0.32614414,1,101,0,1616,0,0.4,56,7.4,0.737588652
b,Pointbar,100,25,ST,3.411,8.62,0.2,0.239256205,35.9,4.129164564,1.742,0.123369364,1,79,0,1264,0,0.25,22,3.6,0.744680851
b,Pointbar,100,30,ST,3.397,8.57,0.28,0.212843041,33.2,11.15011211,1.696,0.334484678,0.2,30,0,480,0,0.3,1,0.9,0.775
b,Pointbar,150,0,ST,3.566,8.3,0.26,0.208654479,,,,,,0,0,0,0,0.7,0,0,
b,Pointbar,150,5,ST,3.538,8.25,0.25,0.213015821,,,,,,0,0,0,0,0.3,0,0,
b,Pointbar,150,10,ST,3.507,8.37,0.3,0.220034457,,,,,,0,0,0,0,0.7,0,0,
b,Pointbar,150,15,ST,3.498,8.3,0.41,0.221427232,,,,,,0,0,0,0,0.6,0,0,
b,Pointbar,150,20,ST,3.483,8.26,0.35,0.230755113,,,,,,0,0,0,0,0.6,0,0,
b,Pointbar,150,25,ST,3.495,8.22,0.28,0.232140684,,,,,,0,0,0,0,0.5,0,0,
b,Pointbar,150,30,ST,3.468,8.4,0.24,0.227373443,,,,,,0,0,0,0,0.6,0,0,
b,Cutbank,50,0,ST,2.839,8.33,0.2,0.267352216,92.1,3.090307428,3.696,0.266326867,1,64,0,1024,0,0.5,44,25.4,0.790601814
b,Cutbank,50,5,ST,2.858,8.24,0.2,0.234915775,43.1,1.55724115,1.752,0.126964562,1,115,39,1840,975,0.4,57,6.7,0.763250883
b,Cutbank,50,10,ST,2.895,8.26,0.28,0.235776674,45.8,4.132190702,2.342,0.261285285,1,170,46,2720,1150,0.4,73,13.4,0.75
b,Cutbank,50,15,ST,2.925,8.25,0.22,0.23058182,37.8,0.670820393,1.974,0.110136279,0.2,66,54,1056,1350,0.2,14,2.5,0.788135593
b,Cutbank,50,20,ST,2.906,8.27,0.23,0.235307801,36.7,1.565247584,1.734,0.15453155,1,102,13,1632,325,0.3,27,4.3,0.780612245
b,Cutbank,50,25,ST,2.943,8.22,0.26,0.230231791,36.2,5.596874128,1.842,0.375126645,0.8,119,41,1904,1025,0.3,38,5.6,0.75862069
b,Cutbank,50,30,ST,2.953,8.2,0.34,0.232071454,40.4,2.747726333,1.67,0.295127091,1,89,27,1424,675,0.4,46,7,0.737827715
b,Cutbank,100,0,ST,3.12,8.27,0.31,0.239473941,52.4,6.36788819,1.916,0.432931865,0.6,66,0,1056,0,0.5,35,7.98,0.752173913
b,Cutbank,100,5,ST,3.208,8.2,0.34,0.24090678,72.3,7.758865897,2.82,0.423143002,1,89,45,1424,1125,0.5,65,18.93,0.727625899
b,Cutbank,100,10,ST,3.216,8.33,0.34,0.218167859,34.2,2.53968502,1.658,0.324222146,0.6,31,33,496,825,0.2,13,2.32,0.663768116
b,Cutbank,100,15,ST,3.227,8.36,0.34,0.222452253,30,1.658312395,1.452,0.155145093,1,68,23,1088,575,0.25,24,3.53,0.673148148
b,Cutbank,100,20,ST,3.206,8.37,0.28,0.226196556,41,3.240370349,1.85,0.143701079,1,69,0,1104,0,0.3,21,5.03,0.732446809
b,Cutbank,100,25,ST,3.225,8.35,0.26,0.232419491,36.1,2.073644135,1.762,0.184986486,1,67,9,1072,225,0.3,34,4.85,0.733516484
b,Cutbank,100,30,ST,3.237,8.5,0.27,0.223978723,40.9,1.673320053,2.02,0.298412466,1,87,5,1392,125,0.4,46,7.87,0.741967213
b,Cutbank,150,0,ST,3.32,8.22,0.36,0.240164232,74.3,5.007494383,2.94,0.31756889,1,122,1,1952,25,0.6,100,29.87,0.763237159
b,Cutbank,150,5,ST,3.343,8.42,0.25,0.229268072,73.2,8.159350464,3.02,0.17691806,1,127,1,2032,25,0.6,82,19.79,0.728009896
b,Cutbank,150,10,ST,3.305,8.29,0.29,0.236179437,59.7,4.024922359,2.42,0.270462567,1,70,45,1120,1125,0.5,36,8.19,0.722560976
b,Cutbank,150,15,ST,3.314,8.2,0.31,0.228443678,44.52,4.210344404,2.038,0.250439613,1,87,30,1392,750,0.5,47,8.63,0.693100996
b,Cutbank,150,20,ST,3.31,8.35,0.24,0.223287063,48.6,3.267261851,2.046,0.186627972,1,105,9,1680,225,0.6,55,10.36,0.652348993
b,Cutbank,150,25,ST,3.328,8.35,0.29,0.224089897,47.7,2.28035085,2.12,0.280446073,1,113,0,1808,0,0.5,75,13.11,0.685686886
b,Cutbank,150,30,ST,3.319,8.38,0.25,0.231520304,55.7,1.483239697,2.28,0.150332964,1,116,0,1856,0,0.6,78,16.94,0.71524626
b,Cutbank,200,0,ST,3.367,8.31,0.22,0.236600348,,,,,,124,0,1984,0,0.3,7,7.6,0.785310734
b,Cutbank,200,5,ST,3.447,8.51,0.23,0.231701673,,,,,,1,0,16,0,0.2,1,,
b,Cutbank,200,10,ST,3.397,8.3,0.27,0.230799223,,,,,,2,0,32,0,0.5,0,,
b,Cutbank,200,15,ST,3.408,8.34,0.23,0.241338162,,,,,,42,0,672,0,0.6,3,4,0.807692308
b,Cutbank,200,20,ST,3.436,8.34,0.32,0.237727872,,,,,,0,0,0,0,0.6,0,0,
b,Cutbank,200,25,ST,3.443,8.4,0.31,0.23303619,,,,,,0,0,0,0,0.5,0,0,
b,Cutbank,200,30,ST,3.472,8.39,0.28,0.233396036,,,,,,0,0,0,0,0.5,0,0,
c,Pointbar,0,0,ST,2.428,,,,,,,,,0,0,0,0,0.8,0,0,
c,Pointbar,0,5,ST,2.563,,,,49.5,2.121320344,2.265,0.049497475,1,5,30,80,750,0.6,3,0,
c,Pointbar,0,10,ST,2.512,,,,32,NA,1.9,NA,0,1,7,16,175,0.5,0,0,
c,Pointbar,0,15,ST,2.519,,,,,,,,,0,0,0,0,0.4,0,0,
c,Pointbar,0,20,ST,2.532,,,,35.6,11.98645068,1.94,0.190394328,0.6,6,0,96,0,0.4,3,0.7,0.708333333
c,Pointbar,0,25,ST,2.548,,,,41.7,1.524795068,2.018,0.143073408,1,26,5,416,125,0.5,14,2.4,0.739130435
c,Pointbar,0,30,ST,2.556,,,,,,,,,0,0,0,0,0.5,0,0,
c,Pointbar,50,0,ST,2.929,8.01,0.35,0.24582939,36.4,1.816590212,1.586,0.17784825,0.8,80,0,1280,0,0.5,10,3.2,0.75
c,Pointbar,50,5,ST,2.986,8.12,0.31,0.233262173,36.1,2.655183609,1.544,0.162111073,1,111,58,1776,1450,0.3,46,6.6,0.756457565
c,Pointbar,50,10,ST,3.029,8.14,0.27,0.218577091,36.1,3.646916506,1.43,0.185067555,0.8,106,21,1696,525,0.4,32,5.2,0.75
c,Pointbar,50,15,ST,3.051,8.15,0.32,0.237467507,38.8,4.452527372,1.84,0.382753184,1,116,67,1856,1675,0.4,54,6.2,0.768656716
c,Pointbar,50,20,ST,3.063,8.14,0.29,0.239606853,32.1,3.305298776,1.324,0.055946403,0.4,130,64,2080,1600,0.1,31,4.6,0.773399015
c,Pointbar,50,25,ST,3.087,8.09,0.3,0.233114685,40.5,9.130991184,1.502,0.173118457,0.8,101,56,1616,1400,0.3,53,5.9,0.771317829
c,Pointbar,50,30,ST,3.1,8.1,0.3,0.234936371,36,1.060660172,1.786,0.211849003,0.8,84,53,1344,1325,0.2,18,3,0.754098361
c,Pointbar,100,0,ST,3.276,8.3,0.31,0.234241655,54.6,5.803016457,2.064,0.311817254,1,97,0,1552,0,0.7,45,11.5,0.762886598
c,Pointbar,100,5,ST,3.362,8.51,0.36,0.229995859,43,1.541103501,1.514,0.177002825,0.8,147,0,2352,0,0.6,88,12.1,0.718604651
c,Pointbar,100,10,ST,3.401,8.34,0.32,0.220854839,43.4,3.248076354,1.842,0.306218876,1,97,0,1552,0,0.7,41,7.6,0.725631769
c,Pointbar,100,15,ST,3.416,8.44,0.27,0.233197724,55,2.915475947,1.764,0.205255938,0.8,111,0,1776,0,0.6,34,13.5,0.741873805
c,Pointbar,100,20,ST,3.422,8.52,0.21,0.22427099,51.2,4.071240597,2.028,0.698727415,1,80,4,1280,100,0.8,33,6.1,0.784452297
c,Pointbar,100,25,ST,3.424,8.55,0.29,0.22605758,38.2,2.514955268,1.558,0.305073762,0.8,74,15,1184,375,0.7,29,5.2,0.74
c,Pointbar,100,30,ST,3.427,8.56,0.44,0.22504195,32.3,1.483239697,1.53,0.172046505,0.8,100,17,1600,425,0.6,50,5.5,0.708994709
c,Pointbar,150,0,ST,3.348,7.61,0.62,0.257022517,,,,,,0,0,0,0,0.7,0,0,
c,Pointbar,150,5,ST,3.478,8,0.56,0.231466208,64.4,3.78153408,2.488,0.183493869,0.8,29,0,464,0,0.7,10,4.45,0.691828255
c,Pointbar,150,10,ST,3.539,7.93,0.51,0.21919826,51.5,3.65718471,1.872,0.224988889,0.8,42,0,672,0,0.7,11,4.48,0.787878788
c,Pointbar,150,15,ST,3.601,8.08,0.53,0.223956586,57.9,3.847076812,2.338,0.26827225,1,35,0,560,0,0.7,18,4.24,0.710580205
c,Pointbar,150,20,ST,3.593,8,0.59,0.228226771,67.4,6.228964601,2.458,0.107563934,1,36,0,576,0,0.8,24,5.75,0.70841785
c,Pointbar,150,25,ST,3.554,7.84,0.42,0.230974861,60.3,8.082388261,2.248,0.199674736,0.8,12,0,192,0,0.8,7,2.06,0.762945915
c,Pointbar,150,30,ST,3.581,8.22,0.56,0.227406617,45.3,4.65832588,1.726,0.11148991,0.6,36,0,576,0,0.6,11,2.83,0.709445585
c,Cutbank,0,0,ST,2.448,8.3,0.35,0.240247066,39.6,5.803016457,2.074,0.310209607,1,115,58,1840,1450,0.6,21,7.94,0.677235772
c,Cutbank,0,5,ST,2.503,8.1,0.42,0.232225762,35.4,2.724885319,1.812,0.214406157,0.2,76,31,1216,775,0.4,12,4.92,0.596721311
c,Cutbank,0,10,ST,2.527,8.14,0.43,0.239174601,25.4,9.037422199,1.73,0.351425668,0.4,15,8,240,200,0.05,2,0.77,0.486666667
c,Cutbank,0,15,ST,2.527,8.1,0.45,0.236257646,30.9,2.162174831,1.798,0.185391478,1,45,72,720,1800,0.1,9,2.38,0.744086022
c,Cutbank,0,20,ST,2.574,8.11,0.37,0.22457966,35.2,3.094349689,1.878,0.171084774,1,57,26,912,650,0.2,23,3.22,0.729411765
c,Cutbank,0,25,ST,2.573,8.14,0.36,0.264930919,40.2,1.923538406,2.096,0.267917898,0.6,84,23,1344,575,0.4,31,7.47,0.754276316
c,Cutbank,0,30,ST,2.576,8.14,0.36,0.256660193,40,2.474873734,2.01,0.29453353,0.8,15,39,240,975,0.4,5,1.69,0.751470588
c,Cutbank,50,0,ST,3.033,7.81,0.57,0.25310631,71,14.02230366,4.056,0.770084411,1,63,22,1008,550,0.4,14,9.88,0.707865169
c,Cutbank,50,5,ST,3.041,8.16,0.51,0.246157546,77.3,2.588435821,4.492,0.367314579,1,55,36,880,900,0.4,39,22.73,0.728629417
c,Cutbank,50,10,ST,3.084,8.06,0.52,0.239798637,38.5,1,2.504,0.30940265,0.4,20,0,320,0,0.2,2,3.09,0.577291382
c,Cutbank,50,15,ST,3.061,7.98,0.59,0.240824359,10.125,3.567795771,1.35,0.163910545,0,4,0,64,0,0.1,0,0.13,0.805970149
c,Cutbank,50,20,ST,3.042,7.95,0.44,0.24576387,,,,,,0,0,0,0,0,0,0,
c,Cutbank,50,25,ST,3.08,7.78,0.46,0.236395357,,,,,,0,0,0,0,0.6,0,0,
c,Cutbank,50,30,ST,3.109,7.81,0.35,0.245928838,8.875,1.436140662,1.275,0.144798711,0,4,0,64,0,0.4,0,0.1,0.677419355
c,Cutbank,100,0,ST,3.453,8.28,0.24,0.224466679,74.3,7.965550828,2.756,0.471783849,1,61,0,976,0,0.4,32,17.7,
c,Cutbank,100,5,ST,3.465,8.3,0.24,0.18686068,60.2,2.752271789,2.738,0.352306685,0.6,90,0,1440,0,0.4,35,21.2,
c,Cutbank,100,10,ST,3.46,8.41,0.23,0.211967828,75.7,4.522167622,3.088,0.258592343,0.8,102,0,1632,0,0.8,40,31.6,
c,Cutbank,100,15,ST,3.443,8.36,0.23,0.073597605,63.2,5.392123886,2.548,0.335663522,0.4,53,0,848,0,0.6,9,13.2,
c,Cutbank,100,20,ST,3.419,8.35,0.21,0.201209259,,,,,,0,0,0,0,0.3,0,0,
c,Cutbank,100,25,ST,3.424,8.34,0.23,0.209643554,27.1,13.97497764,1.996,0.689514322,0.2,5,0,80,0,0.8,1,0.6,
c,Cutbank,100,30,ST,3.463,8.31,0.24,0.217031338,,,,,,0,0,0,0,0.8,0,0,
a,Pointbar,0,0,SM,2.763,8.03,0.52,0.266003539,50.3,4.522167622,2.498,0.343685903,0,19,0,304,0,,0,2.45,0.679738562
a,Pointbar,0,5,SM,2.798,7.99,0.49,0.267351722,,,,,,0,21,0,525,,0,0,
a,Pointbar,0,10,SM,2.787,7.93,0.35,0.257607866,,,,,,0,0,0,0,,0,0,
a,Pointbar,0,15,SM,2.808,8.29,0.42,0.265363511,,,,,,0,0,0,0,,0,0,
a,Pointbar,0,20,SM,2.81,7.97,0.46,0.254936743,40.6,4.878524367,2.314,0.405006173,0,15,0,240,0,,0,1.58,0.756548536
a,Pointbar,0,25,SM,2.817,7.97,0.3,0.238630986,26.8,10.13410085,1.888,0.33131556,0,17,0,272,0,,0,0.47,0.720238095
a,Pointbar,0,30,SM,2.818,8.02,0.34,0.258663316,,,,,,0,0,0,0,,0,0,
a,Pointbar,50,0,SM,3.017,8.25,0.36,0.273283272,19.5,6.5,2.076666667,0.243789527,0,3,0,48,0,,0,,
a,Pointbar,50,5,SM,3.075,8.15,0.32,0.264982117,,,,,,0,0,0,0,,0,0,0
a,Pointbar,50,10,SM,2.841,8.11,0.34,0.261543275,,,,,,0,0,0,0,,0,0,0
a,Pointbar,50,15,SM,3.128,8.13,0.28,0.249884548,,,,,,0,0,0,0,,0,0,0
a,Pointbar,50,20,SM,3.132,8.19,0.38,0.244853329,,,,,,0,0,0,0,,0,0,0
a,Pointbar,50,25,SM,3.145,8.15,0.36,0.248219928,,,,,,0,0,0,0,,0,0,0
a,Pointbar,50,30,SM,3.148,8.09,0.37,0.242183478,,,,,,0,0,0,0,,0,0,0
a,Cutbank,0,0,SM,2.427,8.27,0.19,0.234553191,21,5,2.25,0.446150199,0,10,5,160,125,,0,0.3,0.888888889
a,Cutbank,0,5,SM,2.475,8.24,0.19,0.259133557,41.4,10.69111781,2.428,0.439454207,0,14,2,224,50,,0,1.4,0.886178862
a,Cutbank,0,10,SM,2.533,8.34,0.16,0.242734483,,,,,,0,0,0,0,,0,0,
a,Cutbank,0,15,SM,2.574,8.29,0.17,0.256383861,42,NA,2.98,NA,0,1,0,16,0,,0,0,
a,Cutbank,0,20,SM,2.6,8.31,0.16,0.263334342,42.5,6.538348415,2.283333333,0.531444572,0.333333333,3,0,48,0,,1,0,
a,Cutbank,0,25,SM,2.589,8.27,0.2,0.260579222,74.5,4,2.85,0.407737661,1,53,0,848,0,,26,11,0.849521204
a,Cutbank,0,30,SM,2.596,8.28,0.21,0.25166883,70.1,4.129164564,2.876,0.108305125,0.2,28,0,448,0,,2,4.1,0.875
a,Cutbank,50,0,SM,2.752,8.09,0.18,0.247869876,42.6,2.073644135,1.698,0.137186005,0.6,69,0,1104,0,,0,4.27,0.73883792
a,Cutbank,50,5,SM,2.76,8.17,0.18,0.26971771,42.7,3.701351105,1.776,0.177285081,1,85,18,1360,450,,0,5.37,0.757123474
a,Cutbank,50,10,SM,2.768,8.13,0.25,0.239478481,45.4,4.774934555,1.912,0.207653558,0.6,112,5,1792,125,,0,7.5,0.736008448
a,Cutbank,50,15,SM,2.771,8.2,0.18,0.249996733,44.9,3.911521443,1.764,0.345441746,1,102,0,1632,0,,0,6.93,0.746525238
a,Cutbank,50,20,SM,2.779,8.16,0.18,0.240901653,43.4,2.701851217,1.67,0.118953773,0.8,93,9,1488,225,,0,,
a,Cutbank,50,25,SM,2.787,8.23,0.22,0.256642821,42.5,5.567764363,1.636,0.15533834,0.6,68,26,1088,650,,0,3.94,0.781354051
a,Cutbank,50,30,SM,2.784,8.11,0.2,0.247370236,40.1,1.140175425,1.76,0.142478068,0.6,84,28,1344,700,,0,5.76,0.64640884
b,Pointbar,0,0,SM,2.794,8.51,0.31,0.591710013,31.6,7.821444879,1.412,0.075960516,0,17,0,272,0,,0,0.81,0.720689655
b,Pointbar,0,5,SM,2.827,8.39,0.15,0.247107325,17,8.94427191,1.35,0.282488938,0.2,6,0,96,0,,1,0.35,0.416666667
b,Pointbar,0,10,SM,2.845,8.46,0.28,0.28374972,34.5,3.905124838,1.592,0.229934773,0.8,13,0,208,0,,4,0.75,0.711538462
b,Pointbar,0,15,SM,2.83,8.35,0.18,0.259304441,30,4.242640687,1.09,0.056568542,1,2,0,32,0,,2,0.16,0.466666667
b,Pointbar,0,20,SM,2.835,8.32,0.19,0.264152306,27,21.92031022,2.205,0.007071068,0,2,0,32,0,,0,0.18,0.7
b,Pointbar,0,25,SM,2.85,8.33,0.32,0.23480221,,,,,,0,0,0,0,,0,0,
b,Pointbar,0,30,SM,2.876,8.38,0.23,0.250031863,,,,,,0,0,0,0,,0,0,
b,Cutbank,100,0,SM,3.422,8.27,0.31,0.239473941,,,,,,0,0,0,0,,0,0,
b,Cutbank,100,5,SM,3.41,8.2,0.34,0.24090678,,,,,,0,0,0,0,,0,0,
b,Cutbank,100,10,SM,3.454,8.33,0.34,0.218167859,,,,,,0,0,0,0,,0,0,
b,Cutbank,100,15,SM,3.445,8.36,0.34,0.222452253,,,,,,0,0,0,0,,0,0,
b,Cutbank,100,20,SM,3.43,8.37,0.28,0.226196556,,,,,,0,0,0,0,,0,0,
b,Cutbank,100,25,SM,3.411,8.35,0.26,0.232419491,,,,,,0,0,0,0,,0,0,
b,Cutbank,100,30,SM,3.397,8.5,0.27,0.223978723,22.7,6.140032573,1.692,0.17796067,0.2,13,0,208,0,,1,0.52,0.711111111
c,Pointbar,0,0,SM,2.428,,,,51.3,5.191338941,2.518,0.475836106,1,104,0,1664,0,,31,11.4,0.785310734
c,Pointbar,0,5,SM,2.563,,,,43.1,6.035312751,2.198,0.32545353,0.8,110,6,1760,150,,39,9.4,0.774038462
c,Pointbar,0,10,SM,2.512,,,,45.9,2.880972058,2.124,0.242239551,0.6,95,1,1520,25,,33,6.1,0.75984252
c,Pointbar,0,15,SM,2.519,,,,42.3,5.858754134,2.112,0.133304163,0.2,70,21,1120,525,,4,4.5,0.770408163
c,Pointbar,0,20,SM,2.532,,,,41.3,5.540758071,2.052,0.140783522,0.8,88,19,1408,475,,29,4.5,0.763157895
c,Pointbar,0,25,SM,2.548,,,,42.1,2.434132289,2.218,0.359888872,1,112,16,1792,400,,44,6.5,0.77739726
c,Pointbar,0,30,SM,2.556,,,,42.4,2.678619047,1.94,0.265518361,1,122,26,1952,650,,68,9.6,0.755102041
c,Pointbar,50,0,SM,2.929,8.01,0.35,0.24582939,,,,,,0,0,0,0,,0,0,
c,Pointbar,50,5,SM,2.986,8.12,0.31,0.233262173,,,,,,0,0,0,0,,0,0,
c,Pointbar,50,10,SM,3.029,8.14,0.27,0.218577091,,,,,,0,0,0,0,,0,0,
c,Pointbar,50,15,SM,3.051,8.15,0.32,0.237467507,,,,,,0,0,0,0,,0,0,
c,Pointbar,50,20,SM,3.063,8.14,0.29,0.239606853,,,,,,1,0,16,0,,0,0,
c,Pointbar,50,25,SM,3.087,8.09,0.3,0.233114685,,,,,,0,0,0,0,,0,0,
c,Pointbar,50,30,SM,3.1,8.1,0.3,0.234936371,,,,,,4,0,64,0,,0,0,
c,Cutbank,0,0,SM,2.448,8.3,0.35,0.240247066,,,,,,0,0,0,0,,0,0,
c,Cutbank,0,5,SM,2.503,8.1,0.42,0.232225762,,,,,,0,0,0,0,,0,0,
c,Cutbank,0,10,SM,2.527,8.14,0.43,0.239174601,24.9,3.895510236,2.048,0.241702296,0,15,0,240,0,,0,0.69,0.507142857
c,Cutbank,0,15,SM,2.527,8.1,0.45,0.236257646,15.4,5.538501602,1.81,0.280802422,0,6,0,96,0,,0,0.18,0.742857143
c,Cutbank,0,20,SM,2.574,8.11,0.37,0.22457966,22.3,1.680773631,1.57,0.046368092,0.4,22,0,352,0,,2,0.62,0.730434783
c,Cutbank,0,25,SM,2.573,8.14,0.36,0.264930919,20.4,3.489269264,1.886,0.111265448,0.2,18,0,288,0,,1,0.59,0.743478261
c,Cutbank,0,30,SM,2.576,8.14,0.36,0.256660193,28.3,2.224859546,1.54,0.185876303,0.8,63,0,1008,0,,12,2.97,0.758536585
a,Pointbar,100,0,CS,3.081,8.38,0.36,0.274917791,,,,,,0,0,0,0,,0,,
a,Pointbar,100,5,CS,3.28,8.34,0.28,0.265304396,,,,,,0,0,0,0,,0,,
a,Pointbar,100,10,CS,3.336,8.43,0.27,0.248019162,,,,,,0,0,0,0,,0,,
a,Pointbar,100,15,CS,3.354,8.42,0.3,0.236165251,,,,,,0,0,0,0,,0,,
a,Pointbar,100,20,CS,3.38,8.4,0.22,0.242668203,,,,,,0,0,0,0,,0,,
a,Pointbar,100,25,CS,3.384,8.38,0.33,0.24625125,,,,,,0,0,0,0,,0,,
a,Pointbar,100,30,CS,3.39,8.36,0.22,0.245153353,65.6,7.885112555,2.618,0.331918665,0,10,0,160,0,,0,3,0.638554217
a,Pointbar,150,0,CS,3.286,8.35,0.27,0.249390898,,,,,,0,0,0,0,,0,,
a,Pointbar,150,5,CS,3.483,8.37,0.29,0.254299354,,,,,,0,0,0,0,,0,,
a,Pointbar,150,10,CS,3.493,8.46,0.31,0.250498008,,,,,,0,0,0,0,,0,,
a,Pointbar,150,15,CS,3.48,8.44,0.26,0.254865976,,,,,,0,0,0,0,,0,,
a,Pointbar,150,20,CS,3.487,8.44,0.21,0.263250418,,,,,,0,59,0,1475,,0,,
a,Pointbar,150,25,CS,3.444,8.43,0.19,0.251782667,43,27.47423035,3.29,0.860813569,0,4,40,64,1000,,0,1.49,0.738596491
a,Pointbar,150,30,CS,3.404,8.29,0.28,0.260308693,88.4,9.845049517,3.268,0.640523224,0,70,58,1120,1450,,0,21.3,0.696148359
a,Pointbar,200,0,CS,3.497,8.31,0.35,0.23062251,59.2,3.033150178,3.024,0.506981262,0,54,55,864,1375,,0,13.73,0.677623855
a,Pointbar,200,5,CS,3.576,8.31,0.36,0.227634075,75.8,5.069516742,2.092,0.103778611,0,78,53,1248,1325,,0,13.59,0.614577425
a,Pointbar,200,10,CS,3.587,8.35,0.32,0.24675825,77.5,3.391164992,2.236,0.310692774,0,59,60,944,1500,,0,11.42,0.614839798
a,Pointbar,200,15,CS,3.444,8.16,0.31,0.252118511,97.8,8.814760348,2.658,0.541728714,0,87,49,1392,1225,,0,30.47,0.623408726
a,Pointbar,200,20,CS,3.609,8.34,0.34,0.251107619,84.3,1.717556404,2.348,0.275626559,0,67,52,1072,1300,,0,19.8,0.661827498
a,Pointbar,200,25,CS,3.614,8.09,0.36,0.251027748,99,6.08276253,2.746,0.554328423,0,99,50,1584,1250,,0,40.57,0.621689668
a,Pointbar,200,30,CS,3.611,8.14,0.38,0.260158236,75.5,5.62361094,2.382,0.233388089,0,57,46,912,1150,,0,12.81,0.636698809
a,Pointbar,250,0,CS,3.242,8.51,0.39,0.256297718,77.4,5.824517147,2.704,0.108535708,0,82,42,1312,1050,0.4,0,35.2,0.685714286
a,Pointbar,250,5,CS,3.707,8.49,0.39,0.249794744,66.5,6.509608283,2.368,0.644802295,0,28,17,448,425,0.5,0,4.7,0.521384929
a,Pointbar,250,10,CS,3.752,8.48,0.27,0.267776926,63.8,7.653430603,1.982,0.285429501,0,43,9,688,225,0.5,0,6.65,0.54011065
a,Pointbar,250,15,CS,3.749,8.42,0.29,0.266931419,68.4,5.128352562,2.052,0.34600578,0,40,17,640,425,0.6,0,6.26,0.617593158
a,Pointbar,250,20,CS,3.775,8.43,0.23,0.26476226,85.1,4.098780306,2.008,0.092032603,0,105,18,1680,450,0.7,0,20.44,0.598349381
a,Pointbar,250,25,CS,3.777,8.45,0.33,0.266900496,69.8,6.42845238,2.046,0.158208723,0,55,39,880,975,0.7,0,10.23,0.630151844
a,Pointbar,250,30,CS,3.802,8.44,0.21,0.271311815,82.5,4.301162634,2.256,0.202064346,0,77,26,1232,650,0.6,0,18.75,0.62804999
a,Cutbank,100,0,CS,2.999,8.16,0.2,0.234951946,,,,,,0,10,0,250,,0,0,
a,Cutbank,100,5,CS,3.047,8.09,0.2,0.234738352,,,,,,0,1,0,25,,0,0,
a,Cutbank,100,10,CS,3.019,8.13,0.21,0.22955454,40.6,10.75523129,2.008,0.304499589,0,9,4,144,100,,0,1.05,0.549356223
a,Cutbank,100,15,CS,2.995,8.16,0.22,0.222785213,,,,,,0,1,0,25,,0,0,
a,Cutbank,100,20,CS,3.017,8.06,0.22,0.234177163,,,,,,0,0,0,0,,0,0,
a,Cutbank,100,25,CS,3.036,8.19,0.24,0.227023702,,,,,,0,0,0,0,,0,0,
a,Cutbank,100,30,CS,3.048,8.09,0.28,0.230617613,,,,,,1,0,16,0,,0,0,
a,Cutbank,150,0,CS,3.177,8.19,0.3,0.245043083,,,,,,0,0,0,0,,0,0,
a,Cutbank,150,5,CS,3.198,8.23,0.37,0.235346692,,,,,,0,39,0,975,,0,0,
a,Cutbank,150,10,CS,3.215,8.27,0.36,0.232007125,,,,,,16,52,256,1300,,0,2,0.684542587
a,Cutbank,150,15,CS,3.223,8.34,0.38,0.227839375,55.1,6.503845017,2.238,0.468689663,0,25,34,400,850,,0,3.68,0.619047619
a,Cutbank,150,20,CS,3.261,8.27,0.39,0.235901873,,,,,,0,39,0,975,,0,0,
a,Cutbank,150,25,CS,3.231,8.2,0.29,0.240116115,,,,,,0,0,0,0,,0,0,
a,Cutbank,150,30,CS,3.232,8.26,0.27,0.225180154,36.4,22.80734531,2.622,0.612102933,0,5,34,80,850,,0,0.85,0.70890411
a,Cutbank,200,0,CS,3.358,7.94,0.43,0.226736046,59.7,5.696490147,2.668,0.439112742,0,20,66,320,1650,,0,4.6,0.752688172
a,Cutbank,200,5,CS,3.348,7.76,0.43,0.240787122,80.2,2.079663434,2.136,0.266326867,0,46,45,736,1125,,0,12.1,0.64619883
a,Cutbank,200,10,CS,3.354,8.08,0.45,0.238802972,66.2,8.955445271,1.812,0.286129341,0,48,57,768,1425,,0,9.2,0.605150215
a,Cutbank,200,15,CS,3.314,7.79,0.5,0.241412273,72.6,4.292435206,2.234,0.383249266,0,50,48,800,1200,,0,12.1,0.677333333
a,Cutbank,200,20,CS,3.272,7.98,0.4,0.237004341,66.7,6.524952107,1.742,0.111220502,0,77,47,1232,1175,,0,12.4,0.671087533
a,Cutbank,200,25,CS,3.3,7.86,0.47,0.243933836,79.5,10.52971984,2.212,0.086429162,0,65,65,1040,1625,,0,18.3,0.654716981
a,Cutbank,200,30,CS,3.335,8.08,0.42,0.231769418,83.4,6.035312751,2.502,0.366769682,0,67,39,1072,975,,0,17.9,0.680357143
b,Pointbar,50,0,CS,3.004,7.95,0.45,0.231525034,,,,,,0,0,0,0,,0,0,
b,Pointbar,50,5,CS,3.126,8.05,0.36,0.234160666,41.6,4.967393683,2.084,0.316037972,0,7,22,112,550,,0,1.01,0.596
b,Pointbar,50,10,CS,3.112,7.78,0.36,0.217017889,,,,,,0,7,0,175,,0,0.44,0.56
b,Pointbar,50,15,CS,3.144,8.11,0.44,0.248290859,27,21.21320344,3.29,0.084852814,0,2,26,32,650,,0,3.8,0.604166667
b,Pointbar,50,20,CS,3.152,7.82,0.44,0.231823922,58.4,3.629738283,2.156,0.305417747,0,21,29,336,725,,0,0,
b,Pointbar,50,25,CS,3.14,8.08,0.47,0.223375244,,,,,,0,26,0,650,,0,0,
b,Pointbar,50,30,CS,3.147,8.02,0.48,0.225462875,,,,,,0,15,0,375,,0,0,
b,Pointbar,100,0,CS,3.422,8.62,0.37,0.22959962,,,,,,0,11,0,275,,0,0,
b,Pointbar,100,5,CS,3.41,8.59,0.35,0.23448889,68.5,8.231038817,2.236,0.353171347,0,20,32,320,800,,0,5.1,0.653061224
b,Pointbar,100,10,CS,3.454,8.55,0.28,0.22730141,,,,,,0,47,0,1175,,0,0,
b,Pointbar,100,15,CS,3.445,8.56,0.37,0.226977688,,,,,,0,60,0,1500,,0,0,
b,Pointbar,100,20,CS,3.43,8.52,0.46,0.225059087,,,,,,0,44,0,1100,,0,0,
b,Pointbar,100,25,CS,3.411,8.62,0.2,0.239256205,50.9,13.77225472,2.616,0.377266484,0,9,38,144,950,,0,1.7,0.685185185
b,Pointbar,100,30,CS,3.397,8.57,0.28,0.212843041,67.8,4.957317823,2.198,0.451685731,0,26,52,416,1300,,0,3.8,0.698412698
b,Pointbar,150,0,CS,3.566,8.3,0.26,0.208654479,85.5,5.303300859,2.368,0.504995049,0,81,21,1296,525,,0,24.6,0.657858136
b,Pointbar,150,5,CS,3.538,8.25,0.25,0.213015821,78.4,3.863288754,1.948,0.164377614,0,46,20,736,500,,0,10.5,0.62633452
b,Pointbar,150,10,CS,3.507,8.37,0.3,0.220034457,83.8,9.331398609,2.302,0.255773337,0,50,58,800,1450,,0,26.1,0.67617866
b,Pointbar,150,15,CS,3.498,8.3,0.41,0.221427232,81.4,9.72368243,2.492,0.263571622,0,85,30,1360,750,,0,17.4,0.680147059
b,Pointbar,150,20,CS,3.483,8.26,0.35,0.230755113,77.3,3.510697936,2.134,0.404388427,0,113,88,1808,2200,,0,29.2,0.664367816
b,Pointbar,150,25,CS,3.495,8.22,0.28,0.232140684,82.7,1.204159458,2.126,0.18676188,0,129,56,2064,1400,,0,26.6,0.641025641
b,Pointbar,150,30,CS,3.468,8.4,0.24,0.227373443,79.9,6.985699679,1.722,0.216494804,0,90,26,1440,650,,0,25.4,0.686806412
b,Pointbar,200,0,CS,3.898,8.33,0.25,0.226542816,71.2,1.857417562,1.632,0.147207337,0,22,11,352,275,,0,3.2,0.640449438
b,Pointbar,200,5,CS,3.717,8.32,0.27,0.235645527,81.3,10.37786105,2.046,0.251853132,0,72,24,1152,600,,0,14.1,0.62992126
b,Pointbar,200,10,CS,3.737,8.38,0.28,0.22601626,77.2,5.032395056,1.912,0.180471604,0,72,52,1152,1300,,0,14.2,0.651960784
b,Pointbar,200,15,CS,3.721,8.37,0.27,0.234107939,80.5,1.767766953,1.906,0.066558245,0,69,52,1104,1300,,0,13.2,0.602409639
b,Pointbar,200,20,CS,3.713,8.31,0.32,0.236362667,86.1,8.065358021,1.654,0.179944436,0,59,45,944,1125,,0,10.2,0.678233438
b,Pointbar,200,25,CS,3.689,8.33,0.34,0.233570048,84.3,10.03493896,2.15,0.271753565,0,72,57,1152,1425,,0,16.7,0.687265918
b,Pointbar,200,30,CS,3.718,8.37,0.38,0.241017054,72.5,2.061552813,2.098,0.291838997,0,71,58,1136,1450,,0,14.9,0.659817352
b,Cutbank,200,0,CS,3.367,8.31,0.22,0.236600348,,,,,,0,35,0,875,,0,0,
b,Cutbank,200,5,CS,3.447,8.51,0.23,0.231701673,72.4,5.639148872,2.176,0.204768162,0,39,62,624,1550,,0,8.7,0.7
b,Cutbank,200,10,CS,3.397,8.3,0.27,0.230799223,84,9.669539803,2.678,0.551107975,0,42,54,672,1350,,0,14,0.649122807
b,Cutbank,200,15,CS,3.408,8.34,0.23,0.241338162,92.2,1.923538406,2.904,0.454180581,0,50,56,800,1400,,0,15.3,0.652272727
b,Cutbank,200,20,CS,3.436,8.34,0.32,0.237727872,84.5,5.220153254,2.348,0.104737768,0,70,53,1120,1325,,0,16.2,0.651612903
b,Cutbank,200,25,CS,3.443,8.4,0.31,0.23303619,79.8,6.140032573,2.19,0.188015957,0,61,59,976,1475,,0,13.2,0.676470588
b,Cutbank,200,30,CS,3.472,8.39,0.28,0.233396036,77,7.167635593,2.07,0.12980755,0,59,53,944,1325,,0,10,0.663299663
c,Pointbar,50,0,CS,2.929,8.01,0.35,0.24582939,19.75,11.66726189,1.08,0.537401154,0,2,0,32,0,,0,0,
c,Pointbar,50,5,CS,2.986,8.12,0.31,0.233262173,,,,,,0,0,0,0,,0,0,
c,Pointbar,50,10,CS,3.029,8.14,0.27,0.218577091,23.75,6.01040764,1.57,0.098994949,0,2,0,32,0,,0,0,
c,Pointbar,50,15,CS,3.051,8.15,0.32,0.237467507,,,,,,0,0,0,0,,0,0,
c,Pointbar,50,20,CS,3.063,8.14,0.29,0.239606853,,,,,,0,0,0,0,,0,0,
c,Pointbar,50,25,CS,3.087,8.09,0.3,0.233114685,,,,,,0,0,0,0,,0,0,
c,Pointbar,50,30,CS,3.1,8.1,0.3,0.234936371,,,,,,0,0,0,0,,0,0,
c,Pointbar,100,0,CS,3.276,8.3,0.31,0.234241655,,,,,,0,42,0,1050,,0,0,
c,Pointbar,100,5,CS,3.362,8.51,0.36,0.229995859,,,,,,0,49,0,1225,,0,0,
c,Pointbar,100,10,CS,3.401,8.34,0.32,0.220854839,33.5,NA,1.55,NA,0,1,25,16,625,,0,0.1,0.833333333
c,Pointbar,100,15,CS,3.416,8.44,0.27,0.233197724,69.4,2.133072901,2.26,0.408105379,0,11,11,176,275,,0,3.6,0.7
c,Pointbar,100,20,CS,3.422,8.52,0.21,0.22427099,68,4.623310502,2.238,0.175982954,0,32,27,512,675,,0,5.9,0.705
c,Pointbar,100,25,CS,3.424,8.55,0.29,0.22605758,46.3,7.546522378,2.07,0.115974135,0,11,33,176,825,,0,0.7,0.879310345
c,Pointbar,100,30,CS,3.427,8.56,0.44,0.22504195,59.5,6,1.668,0.316496445,0,18,21,288,525,,0,2.6,0.704545455
c,Pointbar,150,0,CS,3.348,7.61,0.62,0.257022517,96.4,9.350133689,3.412,0.485200989,0,63,81,1008,2025,,0,21.9,0.60822898
c,Pointbar,150,5,CS,3.478,8,0.56,0.231466208,83.6,6.721235006,2.88,0.614939021,0,46,52,736,1300,,0,15.79,0.556834129
c,Pointbar,150,10,CS,3.539,7.93,0.51,0.21919826,75.3,2.361143791,2.108,0.311721029,0,50,45,800,1125,,0,9.74,0.644655235
c,Pointbar,150,15,CS,3.601,8.08,0.53,0.223956586,90.3,5.630275304,2.54,0.221020361,0,61,64,976,1600,,0,13.95,0.602450841
c,Pointbar,150,20,CS,3.593,8,0.59,0.228226771,91.6,10.9281746,2.784,0.160093723,0,82,45,1312,1125,,0,27.37,0.602295844
c,Pointbar,150,25,CS,3.554,7.84,0.42,0.230974861,88.4,9.423375192,2.716,0.73244795,0,68,30,1088,750,,0,20.48,0.627026043
c,Pointbar,150,30,CS,3.581,8.22,0.56,0.227406617,73.5,10.35012077,2.182,0.209451665,0,57,50,912,1250,,0,12.47,0.618070444
c,Cutbank,50,0,CS,3.033,7.81,0.57,0.25310631,,,,,,0,0,0,0,,0,0,
c,Cutbank,50,5,CS,3.041,8.16,0.51,0.246157546,,,,,,0,0,0,0,,0,0,
c,Cutbank,50,10,CS,3.084,8.06,0.52,0.239798637,,,,,,0,0,0,0,,0,0,
c,Cutbank,50,15,CS,3.061,7.98,0.59,0.240824359,,,,,,0,4,0,100,,0,0,
c,Cutbank,50,20,CS,3.042,7.95,0.44,0.24576387,,,,,,0,0,0,0,,0,0,
c,Cutbank,50,25,CS,3.08,7.78,0.46,0.236395357,38.6,2.880972058,2.058,0.168730554,0,60,47,960,1175,,0,4.45,0.603033006
c,Cutbank,50,30,CS,3.109,7.81,0.35,0.245928838,55.3,3.99374511,2.684,0.646552395,0,54,47,864,1175,,0,5.48,0.649616368
c,Cutbank,100,0,CS,3.453,8.28,0.24,0.224466679,,,,,,0,0,0,0,,0,0,
c,Cutbank,100,5,CS,3.465,8.3,0.24,0.18686068,49.4,6.416774891,1.998,0.136638208,0,7,67,112,1675,,0,1.7,
c,Cutbank,100,10,CS,3.46,8.41,0.23,0.211967828,19.66666667,14.21560176,2.216666667,0.468223593,0,3,51,48,1275,,0,0.3,
c,Cutbank,100,15,CS,3.443,8.36,0.23,0.073597605,64.7,7.14667755,1.934,0.249058226,0,23,64,368,1600,,0,7.7,
c,Cutbank,100,20,CS,3.419,8.35,0.21,0.201209259,70.3,3.850324662,2.808,0.369215384,0,71,59,1136,1475,,0,20.6,
c,Cutbank,100,25,CS,3.424,8.34,0.23,0.209643554,64.4,3.560196624,2.022,0.197534807,0,96,55,1536,1375,,0,19.7,
c,Cutbank,100,30,CS,3.463,8.31,0.24,0.217031338,70.5,11.82159042,1.804,0.276278845,0,128,64,2048,1600,,0,23.1,
a,Pointbar,100,0,CD,3.081,8.38,0.36,0.274917791,65.5,NA,6.03,NA,0,1,0,16,0,,0,0.7,0.867924528
a,Pointbar,100,5,CD,3.28,8.34,0.28,0.265304396,,,,,,0,0,0,0,,0,0,
a,Pointbar,100,10,CD,3.336,8.43,0.27,0.248019162,,,,,,0,0,0,0,,0,0,
a,Pointbar,100,15,CD,3.354,8.42,0.3,0.236165251,,,,,,0,0,0,0,,0,0,
a,Pointbar,100,20,CD,3.38,8.4,0.22,0.242668203,,,,,,0,0,0,0,,0,0,
a,Pointbar,100,25,CD,3.384,8.38,0.33,0.24625125,,,,,,0,0,0,0,,0,0,
a,Pointbar,100,30,CD,3.39,8.36,0.22,0.245153353,,,,,,0,0,0,0,,0,0,
a,Pointbar,150,0,CD,3.286,8.35,0.27,0.249390898,,,,,,0,8,0,200,,0,0,
a,Pointbar,150,5,CD,3.483,8.37,0.29,0.254299354,,,,,,0,0,0,0,,0,0,
a,Pointbar,150,10,CD,3.493,8.46,0.31,0.250498008,,,,,,0,0,0,0,,0,0,
a,Pointbar,150,15,CD,3.48,8.44,0.26,0.254865976,70.8,6.704476117,7.958,1.139087354,0,21,10,336,250,,0,13.7,0.80945758
a,Pointbar,150,20,CD,3.487,8.44,0.21,0.263250418,,,,,,0,0,0,0,,0,0,
a,Pointbar,150,25,CD,3.444,8.43,0.19,0.251782667,81.7,6.058052492,6.794,0.683578818,0,25,0,400,0,,0,17.6,0.845342707
a,Pointbar,150,30,CD,3.404,8.29,0.28,0.260308693,86,4.808846015,7.03,0.579180455,0,10,0,160,0,,0,10.3,0.81705151
a,Cutbank,150,0,CD,3.177,8.19,0.3,0.245043083,46.8,3.1144823,4.564,0.223450218,0,11,22,176,550,,0,3.54,0.793103448
a,Cutbank,150,5,CD,3.198,8.23,0.37,0.235346692,49.5,1,5.678,0.709873228,0,12,1,192,25,,0,5.79,0.787210584
a,Cutbank,150,10,CD,3.215,8.27,0.36,0.232007125,38.66666667,7.320063752,3.92,0.91,0,3,1,48,25,,0,0.71,0.780864198
a,Cutbank,150,15,CD,3.223,8.34,0.38,0.227839375,39.2,4.671723451,5.65,0.434626276,0,12,1,192,25,,0,4.68,0.763755679
a,Cutbank,150,20,CD,3.261,8.27,0.39,0.235901873,41.7,5.90127105,7.758,1.587819259,0,6,0,96,0,,0,5.76,0.787845304
a,Cutbank,150,25,CD,3.231,8.2,0.29,0.240116115,44.3,2.439262184,4.994,1.236418214,0,34,0,544,0,,0,9.45,0.777803903
a,Cutbank,150,30,CD,3.232,8.26,0.27,0.225180154,49.2,2.334523506,5.29,1.058772875,0,20,0,320,0,,0,8.92,0.772332823
a,Cutbank,200,0,CD,3.358,7.94,0.43,0.226736046,69.7,5.563272418,5.67,1.096562812,0,19,0,304,0,,0,8.9,0.851419032
a,Cutbank,200,5,CD,3.348,7.76,0.43,0.240787122,63.9,3.731621631,5.336,0.316985804,0,16,0,256,0,,0,6.2,0.819767442
a,Cutbank,200,10,CD,3.354,8.08,0.45,0.238802972,,,,,,0,0,0,0,,0,0,
a,Cutbank,200,15,CD,3.314,7.79,0.5,0.241412273,42.7,7.799038402,4.162,1.092506293,0,11,0,176,0,,0,2.51,0.816788321
a,Cutbank,200,20,CD,3.272,7.98,0.4,0.237004341,,,,,,0,0,0,0,,0,0,
a,Cutbank,200,25,CD,3.3,7.86,0.47,0.243933836,,,,,,6,0,96,0,,0,4.1,0.830578512
a,Cutbank,200,30,CD,3.335,8.08,0.42,0.231769418,,,,,,0,0,0,0,,0,0,
b,Pointbar,0,0,CD,2.794,8.51,0.31,0.591710013,,,,,,0,0,0,0,,0,0,
b,Pointbar,0,5,CD,2.827,8.39,0.15,0.247107325,,,,,,0,0,0,0,,0,0,
b,Pointbar,0,10,CD,2.845,8.46,0.28,0.28374972,,,,,,0,0,0,0,,0,0,
b,Pointbar,0,15,CD,2.83,8.35,0.18,0.259304441,,,,,,0,3,0,75,,0,0,
b,Pointbar,0,20,CD,2.835,8.32,0.19,0.264152306,23.5,NA,2.99,NA,0,1,0,16,0,,0,0.12,0.76
b,Pointbar,0,25,CD,2.85,8.33,0.32,0.23480221,36,3.535533906,3.69,1.032375901,0,2,3,32,75,,0,0.5,0.782608696
b,Pointbar,0,30,CD,2.876,8.38,0.23,0.250031863,,,,,,0,0,0,0,,0,0,
b,Pointbar,100,0,CD,3.422,8.62,0.37,0.22959962,,,,,,0,0,0,0,,0,0,
b,Pointbar,100,5,CD,3.41,8.59,0.35,0.23448889,,,,,,0,0,0,0,,0,0,
b,Pointbar,100,10,CD,3.454,8.55,0.28,0.22730141,,,,,,0,0,0,0,,0,0,
b,Pointbar,100,15,CD,3.445,8.56,0.37,0.226977688,,,,,,0,0,0,0,,0,0,
b,Pointbar,100,20,CD,3.43,8.52,0.46,0.225059087,,,,,,0,0,0,0,,0,0,
b,Pointbar,100,25,CD,3.411,8.62,0.2,0.239256205,,,,,,0,0,0,0,,0,0,
b,Pointbar,100,30,CD,3.397,8.57,0.28,0.212843041,33.5,4.677071733,5.442,1.033692411,0,5,0,80,0,,0,1.3,0.821917808
b,Pointbar,150,0,CD,3.566,8.3,0.26,0.208654479,,,,,,0,13,0,325,,0,0,
b,Pointbar,150,5,CD,3.538,8.25,0.25,0.213015821,64.5,2.121320344,7.95,0.070710678,0,2,12,32,300,,0,3.1,0.784722222
b,Pointbar,150,10,CD,3.507,8.37,0.3,0.220034457,,,,,,0,5,0,125,,0,0,
b,Pointbar,150,15,CD,3.498,8.3,0.41,0.221427232,28.5,NA,3.98,NA,0,1,12,16,300,,0,0.1,0.888888889
b,Pointbar,150,20,CD,3.483,8.26,0.35,0.230755113,,,,,0,0,0,0,0,,0,0,
b,Pointbar,150,25,CD,3.495,8.22,0.28,0.232140684,,,,,,0,0,0,0,,0,0,
b,Pointbar,150,30,CD,3.468,8.4,0.24,0.227373443,58,NA,3.77,NA,,1,0,16,0,,0,0.3,0.914285714
b,Pointbar,200,0,CD,3.898,8.33,0.25,0.226542816,,,,,,0,13,0,325,,0,0,
b,Pointbar,200,5,CD,3.717,8.32,0.27,0.235645527,54.25,5.303300859,4.38,1.371787156,0,2,8,32,200,,0,0.92,0.823076923
b,Pointbar,200,10,CD,3.737,8.38,0.28,0.22601626,,,,,,0,0,0,0,,0,0,
b,Pointbar,200,15,CD,3.721,8.37,0.27,0.234107939,,,,,,0,0,0,0,,0,0,
b,Pointbar,200,20,CD,3.713,8.31,0.32,0.236362667,,,,,,0,0,0,0,,0,0,
b,Pointbar,200,25,CD,3.689,8.33,0.34,0.233570048,,,,,,0,0,0,0,,0,0,
b,Pointbar,200,30,CD,3.718,8.37,0.38,0.241017054,,,,,,0,0,0,0,,0,0,
b,Cutbank,100,0,CD,3.12,8.27,0.31,0.239473941,,,,,,0,0,0,0,,0,0,
b,Cutbank,100,5,CD,3.208,8.2,0.34,0.24090678,,,,,,0,3,0,75,,0,0,
b,Cutbank,100,10,CD,3.216,8.33,0.34,0.218167859,,,,,,0,0,0,0,,0,0,
b,Cutbank,100,15,CD,3.227,8.36,0.34,0.222452253,,,,,,0,0,0,0,,0,0,
b,Cutbank,100,20,CD,3.206,8.37,0.28,0.226196556,48.4,9.742946166,5.444,1.050775904,0,5,0,80,0,,0,4.39,0.757458564
b,Cutbank,100,25,CD,3.225,8.35,0.26,0.232419491,,,,,,0,0,0,0,,0,0,
b,Cutbank,100,30,CD,3.237,8.5,0.27,0.223978723,,,,,,0,0,0,0,,0,0,
b,Cutbank,200,0,CD,3.367,8.31,0.22,0.236600348,,,,,,0,0,0,0,,0,0,
b,Cutbank,200,5,CD,3.447,8.51,0.23,0.231701673,,,,,,0,0,0,0,,0,0,
b,Cutbank,200,10,CD,3.397,8.3,0.27,0.230799223,76.2,7.190271205,5.938,1.110414337,0,21,0,336,0,,0,11,0.825673534
b,Cutbank,200,15,CD,3.408,8.34,0.23,0.241338162,,,,,,0,0,0,0,,0,0,
b,Cutbank,200,20,CD,3.436,8.34,0.32,0.237727872,54,NA,6.51,NA,0,1,0,16,0,,0,0,
b,Cutbank,200,25,CD,3.443,8.4,0.31,0.23303619,,,,,,0,0,0,0,,0,0,
b,Cutbank,200,30,CD,3.472,8.39,0.28,0.233396036,,,,,,0,0,0,0,,0,0,
c,Pointbar,50,0,CD,2.929,8.01,0.35,0.24582939,,,,,,0,6,0,150,,0,0,
c,Pointbar,50,5,CD,2.986,8.12,0.31,0.233262173,,,,,,0,1,0,25,,0,0,
c,Pointbar,50,10,CD,3.029,8.14,0.27,0.218577091,,,,,,0,0,0,0,,0,0,
c,Pointbar,50,15,CD,3.051,8.15,0.32,0.237467507,,,,,,0,0,0,0,,0,0,
c,Pointbar,50,20,CD,3.063,8.14,0.29,0.239606853,22.16666667,13.34478675,3.863333333,1.495638102,0,3,0,48,0,,0,0.1,0.972222222
c,Pointbar,50,25,CD,3.087,8.09,0.3,0.233114685,,,,,,0,0,0,0,,0,0,
c,Pointbar,50,30,CD,3.1,8.1,0.3,0.234936371,,,,,,0,4,0,100,,0,0,
c,Pointbar,100,0,CD,3.276,8.3,0.31,0.234241655,,,,,,0,0,0,0,,0,0,
c,Pointbar,100,5,CD,3.362,8.51,0.36,0.229995859,,,,,,0,0,0,0,,0,0,
c,Pointbar,100,10,CD,3.401,8.34,0.32,0.220854839,43.9,5.116150897,5.378,0.910532811,0,9,0,144,0,,0,3.5,0.775641026
c,Pointbar,100,15,CD,3.416,8.44,0.27,0.233197724,51.9,7.813449942,5.216,0.654392848,0,10,0,160,0,,0,4.2,0.78680203
c,Pointbar,100,20,CD,3.422,8.52,0.21,0.22427099,57.9,2.607680962,5.118,0.932507373,0,22,0,352,0,,0,7.7,0.804071247
c,Pointbar,100,25,CD,3.424,8.55,0.29,0.22605758,55.2,6.088924371,4.856,1.049466531,0,13,0,208,0,,0,5.7,0.77016129
c,Pointbar,100,30,CD,3.427,8.56,0.44,0.22504195,,,,,,0,0,0,0,,0,0,
c,Pointbar,150,0,CD,3.348,7.61,0.62,0.257022517,66,NA,5.98,NA,0,1,13,16,325,,0,1.01,0.795546559
c,Pointbar,150,5,CD,3.478,8,0.56,0.231466208,75.5,7.449832213,6.954,1.44635058,0,13,12,208,300,,0,10.03,0.755126953
c,Pointbar,150,10,CD,3.539,7.93,0.51,0.21919826,57.4,20.19405853,5.82,2.101844428,0,6,5,96,125,,0,4.8,0.72270364
c,Pointbar,150,15,CD,3.601,8.08,0.53,0.223956586,54.6,10.16366076,5.41,1.333566646,0,5,12,80,300,,0,3.76,0.725346969
c,Pointbar,150,20,CD,3.593,8,0.59,0.228226771,74.75,1.060660172,5.22,1.541492783,0,0,0,0,0,,0,1.81,0.75672043
c,Pointbar,150,25,CD,3.554,7.84,0.42,0.230974861,86.3,3.094349689,7.364,1.028921766,0,13,0,208,0,,0,12.25,0.779438243
c,Pointbar,150,30,CD,3.581,8.22,0.56,0.227406617,,,,,,0,0,0,0,,0,0,
c,Cutbank,50,0,CD,3.033,7.81,0.57,0.25310631,,,,,,0,0,0,0,,0,0,
c,Cutbank,50,5,CD,3.041,8.16,0.51,0.246157546,,,,,,0,0,0,0,,0,0,
c,Cutbank,50,10,CD,3.084,8.06,0.52,0.239798637,,,,,,0,0,0,0,,0,0,
c,Cutbank,50,15,CD,3.061,7.98,0.59,0.240824359,18.3,2.729468813,4.276,1.059518759,0,7,2,112,50,,0,1.1,0.73871734
c,Cutbank,50,20,CD,3.042,7.95,0.44,0.24576387,,,,,,0,0,0,0,,0,0,
c,Cutbank,50,25,CD,3.08,7.78,0.46,0.236395357,17.1,1.635542723,3.168,0.352022727,0,13,0,208,0,,0,0.57,0.804123711
c,Cutbank,50,30,CD,3.109,7.81,0.35,0.245928838,,,,,,0,0,0,0,,0,0,
c,Cutbank,100,0,CD,3.453,8.28,0.24,0.224466679,,,,,,0,0,0,0,,0,0,
c,Cutbank,100,5,CD,3.465,8.3,0.24,0.18686068,,,,,,0,0,0,0,,0,0,
c,Cutbank,100,10,CD,3.46,8.41,0.23,0.211967828,67.6,10.04614354,5.018,1.148551261,0,6,1,96,25,,0,3.4,
c,Cutbank,100,15,CD,3.443,8.36,0.23,0.073597605,70.1,8.749285685,5.446,1.671864229,0,5,0,80,0,,0,5.5,
c,Cutbank,100,20,CD,3.419,8.35,0.21,0.201209259,59.5,7.778174593,7.885,2.029396462,0,2,0,32,0,,0,2,
c,Cutbank,100,25,CD,3.424,8.34,0.23,0.209643554,36.5,38.89087297,4.315,3.061772363,0,2,0,32,0,,0,1.9,
c,Cutbank,100,30,CD,3.463,8.31,0.24,0.217031338,,,,,,0,0,0,0,,0,0,
a,Pointbar,250,0,IC,3.242,8.51,0.39,0.256297718,,,,,,0,0,0,0,,0,0,
a,Pointbar,250,5,IC,3.707,8.49,0.39,0.249794744,53.1,1.673320053,2.87,0.513955251,0,64,18,1024,450,,0,13.48,0.560052219
a,Pointbar,250,10,IC,3.752,8.48,0.27,0.267776926,62.9,4.037325848,2.77,0.119373364,0,49,22,784,550,,0,14.5,0.490333919
a,Pointbar,250,15,IC,3.749,8.42,0.29,0.266931419,73.2,1.524795068,3.512,0.293462093,0,28,15,448,375,,0,16.27,0.483819797
a,Pointbar,250,20,IC,3.775,8.43,0.23,0.26476226,59.8,9.705668447,3.176,0.657213816,0,11,19,176,475,,0,4.14,0.519163763
a,Pointbar,250,25,IC,3.777,8.45,0.33,0.266900496,,,,,,0,2,0,50,,0,0,
a,Pointbar,250,30,IC,3.802,8.44,0.21,0.271311815,,,,,,0,13,0,325,,0,0,
b,Pointbar,150,0,IC,3.566,8.3,0.26,0.208654479,,,,,,0,0,0,0,,0,0,
b,Pointbar,150,5,IC,3.538,8.25,0.25,0.213015821,41.2,2.885307609,2.146,0.330272615,0,18,0,288,0,,0,2.7,0.649350649
b,Pointbar,150,10,IC,3.507,8.37,0.3,0.220034457,,,,,,0,0,0,0,,0,0,
b,Pointbar,150,15,IC,3.498,8.3,0.41,0.221427232,40.25,7.729812417,2.2425,0.67874271,0,4,0,64,0,,0,0.9,0.7
b,Pointbar,150,20,IC,3.483,8.26,0.35,0.230755113,,,,,,0,0,0,0,,0,0,
b,Pointbar,150,25,IC,3.495,8.22,0.28,0.232140684,,,,,,0,0,0,0,,0,0,
b,Pointbar,150,30,IC,3.468,8.4,0.24,0.227373443,,,,,,0,0,0,0,,0,0,
b,Pointbar,200,0,IC,3.898,8.33,0.25,0.226542816,64.8,2.514955268,3.444,0.575178233,0,29,0,464,0,,0,11.2,0.548387097
b,Pointbar,200,5,IC,3.717,8.32,0.27,0.235645527,,,,,0,0,0,0,0,,0,0,
b,Pointbar,200,10,IC,3.737,8.38,0.28,0.22601626,,,,,0,0,0,0,0,,0,0,
b,Pointbar,200,15,IC,3.721,8.37,0.27,0.234107939,,,,,,0,0,0,0,,0,0,
b,Pointbar,200,20,IC,3.713,8.31,0.32,0.236362667,49.8,8.341162988,2.552,0.325990797,,17,0,272,0,,0,3.2,0.619047619
b,Pointbar,200,25,IC,3.689,8.33,0.34,0.233570048,32.2,16.9137518,2.054,1.015027093,,6,0,96,0,,0,1.45,0.585714286
b,Pointbar,200,30,IC,3.718,8.37,0.38,0.241017054,,,,,,0,0,0,0,,0,0,
